Asset,R2,MKT,SEMI,RATES,VOL
NVDA,0.7525861264716838,1.4853366594063413,0.6712097542414945,-0.1221037293414687,0.043856319300520474
AAPL,0.6137050654260598,1.1755788821169773,-0.2141260034361649,0.0002897103886636887,-0.02087605387097714
